id	name
1	Alice Johnson
2	Charlie White
3	John Doe
4	Charlie White
5	Jane Smith
6	Diana Black
7	John Doe
8	Edward Green
9	Charlie White
10	John Doe
11	Edward Green
12	Jane Smith
13	John Doe
14	Charlie White
15	Jane Smith
16	Fiona Grey
17	Jane Smith
18	Jane Smith
19	Jane Smith
20	Jane Smith
21	Jane Smith
22	Diana Black
23	Charlie White
24	Edward Green
25	Jane Smith
26	John Doe
27	Jane Smith
28	Alice Johnson
29	John Doe
30	Bob Brown
31	Jane Smith
32	Charlie White
33	Diana Black
34	Diana Black
35	Bob Brown
36	Bob Brown
37	Fiona Grey
38	Bob Brown
39	Alice Johnson
40	Diana Black
41	Jane Smith
42	Diana Black
43	Alice Johnson
44	John Doe
45	Edward Green
46	Fiona Grey
47	John Doe
48	Charlie White
49	Edward Green
50	Jane Smith
51	Fiona Grey
52	Bob Brown
53	Edward Green
54	Edward Green
55	Jane Smith
56	John Doe
57	Charlie White
58	Charlie White
59	Jane Smith
60	Charlie White
61	Diana Black
62	John Doe
63	Bob Brown
64	Charlie White
65	Edward Green
66	Diana Black
67	Bob Brown
68	Edward Green
69	Jane Smith
70	John Doe
71	Bob Brown
72	Bob Brown
73	Diana Black
74	Diana Black
75	Alice Johnson
76	Bob Brown
77	John Doe
78	Edward Green
79	John Doe
80	Diana Black
81	Jane Smith
82	John Doe
83	Bob Brown
84	Fiona Grey
85	John Doe
86	Fiona Grey
87	John Doe
88	Jane Smith
89	Bob Brown
90	John Doe
91	Edward Green
92	Edward Green
93	Jane Smith
94	Diana Black
95	Alice Johnson
96	Edward Green
97	Jane Smith
98	Alice Johnson
99	Fiona Grey
100	John Doe
101	Bob Brown
102	Alice Johnson
103	Bob Brown
104	Jane Smith
105	John Doe
106	Jane Smith
107	Diana Black
108	Edward Green
109	John Doe
110	John Doe
111	John Doe
112	Bob Brown
113	Edward Green
114	Edward Green
115	Diana Black
116	John Doe
117	Fiona Grey
118	Charlie White
119	Jane Smith
120	Fiona Grey
121	Diana Black
122	John Doe
123	Jane Smith
124	John Doe
125	Jane Smith
126	John Doe
127	John Doe
128	Jane Smith
129	John Doe
130	Jane Smith
131	Bob Brown
132	Fiona Grey
133	Fiona Grey
134	Fiona Grey
135	Fiona Grey
136	Jane Smith
137	Fiona Grey
138	Bob Brown
139	Alice Johnson
140	John Doe
141	Diana Black
142	John Doe
143	Fiona Grey
144	John Doe
145	John Doe
146	Jane Smith
147	Fiona Grey
148	Fiona Grey
149	Jane Smith
150	Fiona Grey
151	John Doe
152	Alice Johnson
153	Bob Brown
154	John Doe
155	John Doe
156	Diana Black
157	Alice Johnson
158	Jane Smith
159	John Doe
160	John Doe
161	Alice Johnson
162	Alice Johnson
163	Fiona Grey
164	Alice Johnson
165	Fiona Grey
166	John Doe
167	John Doe
168	Alice Johnson
169	Bob Brown
170	Fiona Grey
171	Jane Smith
172	Fiona Grey
173	Diana Black
174	Diana Black
175	John Doe
176	John Doe
177	Diana Black
178	John Doe
179	Fiona Grey
180	John Doe
181	Alice Johnson
182	Jane Smith
183	Fiona Grey
184	Edward Green
185	Jane Smith
186	John Doe
187	Alice Johnson
188	Charlie White
189	Fiona Grey
190	Charlie White
191	Charlie White
192	Diana Black
193	Alice Johnson
194	Diana Black
195	Alice Johnson
196	Bob Brown
197	Jane Smith
198	Diana Black
199	Edward Green
200	Diana Black
